{
  "Total" : {
    "transaction" : "Total",
    "sampleCount" : 1,
    "errorCount" : 0,
    "errorPct" : 0.0,
    "meanResTime" : 138.0,
    "medianResTime" : 138.0,
    "minResTime" : 138.0,
    "maxResTime" : 138.0,
    "pct1ResTime" : 138.0,
    "pct2ResTime" : 138.0,
    "pct3ResTime" : 138.0,
    "throughput" : 7.246376811594203,
    "receivedKBytesPerSec" : 3.7647192028985503,
    "sentKBytesPerSec" : 0.9199501811594202
  },
  "HTTP Request" : {
    "transaction" : "HTTP Request",
    "sampleCount" : 1,
    "errorCount" : 0,
    "errorPct" : 0.0,
    "meanResTime" : 138.0,
    "medianResTime" : 138.0,
    "minResTime" : 138.0,
    "maxResTime" : 138.0,
    "pct1ResTime" : 138.0,
    "pct2ResTime" : 138.0,
    "pct3ResTime" : 138.0,
    "throughput" : 7.246376811594203,
    "receivedKBytesPerSec" : 3.7647192028985503,
    "sentKBytesPerSec" : 0.9199501811594202
  }
}