{
  "Total" : {
    "transaction" : "Total",
    "sampleCount" : 1,
    "errorCount" : 0,
    "errorPct" : 0.0,
    "meanResTime" : 126.0,
    "medianResTime" : 126.0,
    "minResTime" : 126.0,
    "maxResTime" : 126.0,
    "pct1ResTime" : 126.0,
    "pct2ResTime" : 126.0,
    "pct3ResTime" : 126.0,
    "throughput" : 7.936507936507936,
    "receivedKBytesPerSec" : 4.123263888888889,
    "sentKBytesPerSec" : 1.0075644841269842
  },
  "HTTP Request" : {
    "transaction" : "HTTP Request",
    "sampleCount" : 1,
    "errorCount" : 0,
    "errorPct" : 0.0,
    "meanResTime" : 126.0,
    "medianResTime" : 126.0,
    "minResTime" : 126.0,
    "maxResTime" : 126.0,
    "pct1ResTime" : 126.0,
    "pct2ResTime" : 126.0,
    "pct3ResTime" : 126.0,
    "throughput" : 7.936507936507936,
    "receivedKBytesPerSec" : 4.123263888888889,
    "sentKBytesPerSec" : 1.0075644841269842
  }
}