{
  "Total" : {
    "transaction" : "Total",
    "sampleCount" : 1,
    "errorCount" : 0,
    "errorPct" : 0.0,
    "meanResTime" : 207.0,
    "medianResTime" : 207.0,
    "minResTime" : 207.0,
    "maxResTime" : 207.0,
    "pct1ResTime" : 207.0,
    "pct2ResTime" : 207.0,
    "pct3ResTime" : 207.0,
    "throughput" : 4.830917874396135,
    "receivedKBytesPerSec" : 2.5098128019323673,
    "sentKBytesPerSec" : 0.6133001207729469
  },
  "HTTP Request" : {
    "transaction" : "HTTP Request",
    "sampleCount" : 1,
    "errorCount" : 0,
    "errorPct" : 0.0,
    "meanResTime" : 207.0,
    "medianResTime" : 207.0,
    "minResTime" : 207.0,
    "maxResTime" : 207.0,
    "pct1ResTime" : 207.0,
    "pct2ResTime" : 207.0,
    "pct3ResTime" : 207.0,
    "throughput" : 4.830917874396135,
    "receivedKBytesPerSec" : 2.5098128019323673,
    "sentKBytesPerSec" : 0.6133001207729469
  }
}